model,protocol,Ticker,n,RMSE,OOS_R2_pct,DirAcc,DM_stat,DM_p,beats_baseline_5pct,significant_bh,significant_bonferroni
baseline_ar1,fixed,AAPL,751,0.0160620713396451,0.23976223238506567,0.5499334221038615,-0.612542747596756,0.5403643970785792,False,False,False
baseline_ar1,fixed,AMZN,751,0.020060182121807286,-0.0010743502727450505,0.5339547270306259,0.9994800650932696,0.3178845436980735,False,False,False
baseline_ar1,fixed,GOOGL,751,0.019057611252073364,0.01115652521244126,0.5619174434087882,-0.18007497792729749,0.8571423487034129,False,False,False
baseline_ar1,fixed,META,751,0.02351968469703502,0.07707183556165953,0.5366178428761651,-0.38671340197218357,0.6990780863922197,False,False,False
baseline_ar1,fixed,MSFT,751,0.014663259719141002,-1.5605413361266196,0.5406125166444741,1.5129448949411837,0.13071491103202804,False,False,False
baseline_ar1,fixed,NVDA,751,0.031213920996039108,0.36957079950530325,0.5459387483355526,-0.9932920214345932,0.32088801449829596,False,False,False
baseline_ar1,fixed,ORCL,751,0.02676555603467289,0.011498290753531037,0.5499334221038615,-0.17715251363244072,0.8594364239099885,False,False,False
baseline_ar1,fixed,TSLA,751,0.03779656021563201,0.022029020558655965,0.5193075898801598,-0.22761636445695027,0.820006531435469,False,False,False
baseline_ticker_mean,fixed,AAPL,751,0.016081361424743704,0.0,0.5499334221038615,,,False,False,False
baseline_ticker_mean,fixed,AMZN,751,0.020060074364364886,0.0,0.5339547270306259,,,False,False,False
baseline_ticker_mean,fixed,GOOGL,751,0.01905867442463614,0.0,0.559254327563249,,,False,False,False
baseline_ticker_mean,fixed,META,751,0.02352875346582892,0.0,0.5312916111850865,,,False,False,False
baseline_ticker_mean,fixed,MSFT,751,0.014550168522711656,0.0,0.5432756324900133,,,False,False,False
baseline_ticker_mean,fixed,NVDA,751,0.03127176013161225,0.0,0.5539280958721704,,,False,False,False
baseline_ticker_mean,fixed,ORCL,751,0.026767094958113913,0.0,0.5499334221038615,,,False,False,False
baseline_ticker_mean,fixed,TSLA,751,0.037800724009587096,0.0,0.5193075898801598,,,False,False,False
baseline_zero,fixed,AAPL,751,0.016112146465888627,-0.38323257220724827,0.45006657789613846,0.7154968352501646,0.4745247764960199,False,False,False
baseline_zero,fixed,AMZN,751,0.020105238524952634,-0.4507959650150495,0.46604527296937415,1.1411736677026103,0.25416189988828775,False,False,False
baseline_zero,fixed,GOOGL,751,0.019103579254548145,-0.471782348075811,0.440745672436751,2.1465268664869304,0.032151090398355064,False,False,False
baseline_zero,fixed,META,751,0.02358268515696382,-0.45895760073249026,0.46870838881491345,2.424329076942778,0.015572069031586144,False,False,False
baseline_zero,fixed,MSFT,751,0.014581030558277966,-0.42466540374745954,0.4567243675099867,0.75238295769618,0.4520568580405169,False,False,False
baseline_zero,fixed,NVDA,751,0.03142722907017259,-0.9967804706637162,0.44607190412782954,2.268058512832737,0.023609214192605865,False,False,False
baseline_zero,fixed,ORCL,751,0.02678276630860625,-0.11712842260496181,0.45006657789613846,1.0865997218619043,0.27756284550515753,False,False,False
baseline_zero,fixed,TSLA,751,0.03782969397728653,-0.15333605139071782,0.4806924101198402,0.9672569833245239,0.3337273790484616,False,False,False
bayes_hier_horseshoe,fixed,AAPL,751,0.01614006476812171,-0.731411813471472,0.5446071904127829,1.7827756980025748,0.07502720861450562,False,False,False
bayes_hier_horseshoe,fixed,AMZN,751,0.020070033626942842,-0.09931902189255215,0.5272969374167776,0.35489894878796624,0.7227650690983682,False,False,False
bayes_hier_horseshoe,fixed,GOOGL,751,0.01908101807091854,-0.23460963961967618,0.5512649800266312,0.8405856306690773,0.4008480090073232,False,False,False
bayes_hier_horseshoe,fixed,META,751,0.02352066058874686,0.06877954918742546,0.521970705725699,-0.3283112860128579,0.7427679498975237,False,False,False
bayes_hier_horseshoe,fixed,MSFT,751,0.014569944023697526,-0.2720097660180443,0.5432756324900133,0.8747045805908991,0.3820146809026639,False,False,False
bayes_hier_horseshoe,fixed,NVDA,751,0.03131021180797273,-0.24607068000044308,0.5312916111850865,0.9869821408659167,0.3239696894301973,False,False,False
bayes_hier_horseshoe,fixed,ORCL,751,0.026759943281507804,0.053429191467491144,0.5286284953395473,-0.3388175531282847,0.7348420131454811,False,False,False
bayes_hier_horseshoe,fixed,TSLA,751,0.037805745972938974,-0.026572490747178712,0.5046604527296937,0.15296764714531247,0.8784649330249223,False,False,False
bayes_hier_horseshoe_t,fixed,AAPL,751,0.016113266310192206,-0.39718695103019286,0.5472703062583223,0.7997259705556942,0.42412279608910897,False,False,False
bayes_hier_horseshoe_t,fixed,AMZN,751,0.020048535502496335,0.11500997447989603,0.5272969374167776,-0.32178749779633875,0.7477033496991496,False,False,False
bayes_hier_horseshoe_t,fixed,GOOGL,751,0.019051408865068533,0.0762295898992349,0.5525965379494008,-0.1561820683790465,0.8759315393369247,False,False,False
bayes_hier_horseshoe_t,fixed,META,751,0.02348122061265681,0.40363243416189354,0.5326231691078562,-1.0312108413067338,0.3027743781783683,False,False,False
bayes_hier_horseshoe_t,fixed,MSFT,751,0.014555524072020286,-0.07362849332561705,0.5432756324900133,0.183182480982975,0.8547043479862995,False,False,False
bayes_hier_horseshoe_t,fixed,NVDA,751,0.031159088911327074,0.719295903310313,0.5406125166444741,-2.3014362890387234,0.021640269981508364,True,False,False
bayes_hier_horseshoe_t,fixed,ORCL,751,0.026763630657909807,0.025883092864653623,0.5379494007989347,-0.07130871080606355,0.9431710728828244,False,False,False
bayes_hier_horseshoe_t,fixed,TSLA,751,0.03776116118553462,0.20921356167571403,0.5126498002663116,-0.6448523983815644,0.5192200345648552,False,False,False
rf_pooled,fixed,AAPL,751,0.016132490111389633,-0.6368859444222164,0.5352862849533955,0.6405082412005453,0.522037870482142,False,False,False
rf_pooled,fixed,AMZN,751,0.0200788813064161,-0.18759410115103403,0.5166444740346205,0.2598262819222383,0.7950690849130235,False,False,False
rf_pooled,fixed,GOOGL,751,0.01918291662369283,-1.308036010181901,0.5366178428761651,1.6123486989610996,0.10730676770709535,False,False,False
rf_pooled,fixed,META,751,0.023614164390315325,-0.7273309081234469,0.48202396804260983,1.1629306048137968,0.2452275367945882,False,False,False
rf_pooled,fixed,MSFT,751,0.014589826635316775,-0.5458652778507433,0.5246338215712384,0.5713176154925307,0.5679555214600831,False,False,False
rf_pooled,fixed,NVDA,751,0.03128534754486382,-0.08691781353991068,0.5246338215712384,0.13908860202536755,0.8894174734969511,False,False,False
rf_pooled,fixed,ORCL,751,0.026769891949726586,-0.020899823092412895,0.5059920106524634,0.034676364314710495,0.9723470347110688,False,False,False
rf_pooled,fixed,TSLA,751,0.037844664525268676,-0.23262017125742496,0.5019973368841545,0.4381697072486093,0.661389437050327,False,False,False
ridge_pooled,fixed,AAPL,751,0.016157735308522464,-0.9520990151402176,0.5419440745672437,2.1618151473235656,0.030948070388525872,False,False,False
ridge_pooled,fixed,AMZN,751,0.020052383035278357,0.0766682561810228,0.5352862849533955,-0.2588227532243118,0.7958430177644007,False,False,False
ridge_pooled,fixed,GOOGL,751,0.019096675906039428,-0.3991816694269623,0.5432756324900133,1.3281757054814232,0.18452409672949743,False,False,False
ridge_pooled,fixed,META,751,0.023512330187210363,0.13955305235636706,0.5179760319573902,-0.5341438914521827,0.5934002693033862,False,False,False
ridge_pooled,fixed,MSFT,751,0.014566934103536483,-0.23058482044138184,0.5366178428761651,0.652620386054841,0.5142010176736291,False,False,False
ridge_pooled,fixed,NVDA,751,0.03131007445649548,-0.24519116402785812,0.5206391478029294,0.7585030428101248,0.44838817857717883,False,False,False
ridge_pooled,fixed,ORCL,751,0.026749819085421317,0.1290412550915443,0.5366178428761651,-0.5700519931747846,0.5688131509698091,False,False,False
ridge_pooled,fixed,TSLA,751,0.03780623756378448,-0.029173813153193784,0.5019973368841545,0.12040002756096939,0.904198515490553,False,False,False
baseline_ar1,expanding,AAPL,751,0.016185003801355347,-1.272191786854182,0.5166444740346205,1.5274981411277613,0.12705879064106274,False,False,False
baseline_ar1,expanding,AMZN,751,0.020062149464792477,0.09985358404984712,0.5312916111850865,-0.4680860428340841,0.6398590540741345,False,False,False
baseline_ar1,expanding,GOOGL,751,0.01913137288836596,-0.7753078814652481,0.5379494007989347,1.387429920506101,0.16572281196792837,False,False,False
baseline_ar1,expanding,META,751,0.023551429521929578,-0.005706354478896003,0.5565912117177098,0.017981588460796002,0.9856583237022085,False,False,False
baseline_ar1,expanding,MSFT,751,0.014750292259836309,-2.7587348066217876,0.525965379494008,2.0614145578442753,0.03960762580918664,False,False,False
baseline_ar1,expanding,NVDA,751,0.031231566816199697,0.31776761539640264,0.5419440745672437,-0.4938975883212235,0.621523116558901,False,False,False
baseline_ar1,expanding,ORCL,751,0.02686778128510708,-0.7565047218920817,0.4793608521970706,1.0877149444885263,0.27707038860321065,False,False,False
baseline_ar1,expanding,TSLA,751,0.037801235766167375,-0.009006767153230122,0.5193075898801598,0.10217224579941873,0.9186472671113268,False,False,False
baseline_ticker_mean,expanding,AAPL,751,0.016083023668910987,0.0,0.5499334221038615,,,False,False,False
baseline_ticker_mean,expanding,AMZN,751,0.020072173359970413,0.0,0.5339547270306259,,,False,False,False
baseline_ticker_mean,expanding,GOOGL,751,0.019057637846694352,0.0,0.559254327563249,,,False,False,False
baseline_ticker_mean,expanding,META,751,0.02355075758666001,0.0,0.5312916111850865,,,False,False,False
baseline_ticker_mean,expanding,MSFT,751,0.014550946743558595,0.0,0.5432756324900133,,,False,False,False
baseline_ticker_mean,expanding,NVDA,751,0.03128130729455131,0.0,0.5539280958721704,,,False,False,False
baseline_ticker_mean,expanding,ORCL,751,0.0267667262724194,0.0,0.5499334221038615,,,False,False,False
baseline_ticker_mean,expanding,TSLA,751,0.03779953354650949,0.0,0.5193075898801598,,,False,False,False
baseline_zero,expanding,AAPL,751,0.016112146465888627,-0.36248363551774077,0.45006657789613846,0.7725307789748054,0.44004349803951004,False,False,False
baseline_zero,expanding,AMZN,751,0.020105238524952634,-0.3297340924413694,0.46604527296937415,1.2136609314773001,0.22525928566672193,False,False,False
baseline_zero,expanding,GOOGL,751,0.019103579254548145,-0.48271231395669023,0.440745672436751,1.9842778133955248,0.04758894549787773,False,False,False
baseline_zero,expanding,META,751,0.02358268515696382,-0.2713221615890271,0.46870838881491345,1.4846073309291343,0.13806802364378679,False,False,False
baseline_zero,expanding,MSFT,751,0.014581030558277966,-0.413923768904767,0.4567243675099867,0.8908756259535044,0.3732815922900026,False,False,False
baseline_zero,expanding,NVDA,751,0.03142722907017259,-0.9351407465422623,0.44607190412782954,2.0039297368496056,0.04543676519865092,False,False,False
baseline_zero,expanding,ORCL,751,0.02678276630860625,-0.11988647428906596,0.45006657789613846,0.6320587584682242,0.5275411005769359,False,False,False
baseline_zero,expanding,TSLA,751,0.03782969397728653,-0.15964463326916256,0.4806924101198402,0.5818953555432927,0.5608120295641186,False,False,False
rf_pooled,expanding,AAPL,751,0.016034902964782112,0.5975084797468333,0.5179760319573902,-0.423493169244432,0.672056897812761,False,False,False
rf_pooled,expanding,AMZN,751,0.020133316804039545,-0.6101638315441082,0.5046604527296937,0.715354341087263,0.47461274735776726,False,False,False
rf_pooled,expanding,GOOGL,751,0.019144386690053392,-0.9124560027545137,0.5512649800266312,0.9938366604708397,0.32062292158251493,False,False,False
rf_pooled,expanding,META,751,0.023509645163951164,0.34883411030158795,0.4980026631158455,-0.42771634443694356,0.6689804289944468,False,False,False
rf_pooled,expanding,MSFT,751,0.014593144442820076,-0.5808403618409175,0.5286284953395473,0.5330213630819722,0.5941766913153352,False,False,False
rf_pooled,expanding,NVDA,751,0.03128019874698342,0.007087478250766832,0.5059920106524634,-0.009998388964838614,0.992025231602208,False,False,False
rf_pooled,expanding,ORCL,751,0.02674336430041997,0.17448362275487295,0.5446071904127829,-0.33163251958786716,0.740259407622349,False,False,False
rf_pooled,expanding,TSLA,751,0.03797031872410975,-0.9056778262079623,0.4940079893475366,1.662156870599169,0.09689918049940482,False,False,False
ridge_pooled,expanding,AAPL,751,0.016116559769280524,-0.4174720571069601,0.5166444740346205,0.4663425452750634,0.6411057467421846,False,False,False
ridge_pooled,expanding,AMZN,751,0.02007849484736036,-0.062997491247474,0.5512649800266312,0.09832950056280836,0.9216969265824035,False,False,False
ridge_pooled,expanding,GOOGL,751,0.0190812003805307,-0.24742940526705226,0.5512649800266312,0.43745814600461064,0.6619050625597738,False,False,False
ridge_pooled,expanding,META,751,0.023504252816431394,0.39454233667018945,0.5419440745672437,-0.90167256175376,0.36752029420256194,False,False,False
ridge_pooled,expanding,MSFT,751,0.014572523250045379,-0.2967848616053592,0.5552596537949401,0.5512869055358605,0.5816012075463775,False,False,False
ridge_pooled,expanding,NVDA,751,0.03134331229676491,-0.3968277539613485,0.5312916111850865,0.6219920531136076,0.5341361235739148,False,False,False
ridge_pooled,expanding,ORCL,751,0.026786249577804344,-0.14593062453669425,0.5206391478029294,0.3108801757476729,0.7559780958435942,False,False,False
ridge_pooled,expanding,TSLA,751,0.037908177202613386,-0.5756673590085581,0.507323568575233,1.392370705177056,0.16422284272330945,False,False,False
